{"assets/fonts/segoeui.ttf":["assets/fonts/segoeui.ttf"],"assets/fonts/seguisb.ttf":["assets/fonts/seguisb.ttf"],"assets/icons/aboutus.svg":["assets/icons/aboutus.svg"],"assets/icons/codecanyon.svg":["assets/icons/codecanyon.svg"],"assets/icons/darkmode.svg":["assets/icons/darkmode.svg"],"assets/icons/dribbble.svg":["assets/icons/dribbble.svg"],"assets/icons/home_dark.json":["assets/icons/home_dark.json"],"assets/icons/home_light.json":["assets/icons/home_light.json"],"assets/icons/no_internet.svg":["assets/icons/no_internet.svg"],"assets/icons/onboard1.svg":["assets/icons/onboard1.svg"],"assets/icons/onboarding_a.svg":["assets/icons/onboarding_a.svg"],"assets/icons/onboarding_b.svg":["assets/icons/onboarding_b.svg"],"assets/icons/onboarding_c.svg":["assets/icons/onboarding_c.svg"],"assets/icons/pexels.svg":["assets/icons/pexels.svg"],"assets/icons/pinterest.svg":["assets/icons/pinterest.svg"],"assets/icons/privacy.svg":["assets/icons/privacy.svg"],"assets/icons/rateus.svg":["assets/icons/rateus.svg"],"assets/icons/search_dark.json":["assets/icons/search_dark.json"],"assets/icons/search_light.json":["assets/icons/search_light.json"],"assets/icons/settings_dark.json":["assets/icons/settings_dark.json"],"assets/icons/settings_light.json":["assets/icons/settings_light.json"],"assets/icons/share.svg":["assets/icons/share.svg"],"assets/icons/splash_logo.png":["assets/icons/splash_logo.png"],"assets/icons/splash_logo.svg":["assets/icons/splash_logo.svg"],"assets/icons/splash_screen.svg":["assets/icons/splash_screen.svg"],"assets/icons/terms.svg":["assets/icons/terms.svg"],"assets/icons/test.html":["assets/icons/test.html"],"assets/icons/website.svg":["assets/icons/website.svg"],"packages/cupertino_icons/assets/CupertinoIcons.ttf":["packages/cupertino_icons/assets/CupertinoIcons.ttf"],"packages/flutter_inappwebview/assets/t_rex_runner/t-rex.css":["packages/flutter_inappwebview/assets/t_rex_runner/t-rex.css"],"packages/flutter_inappwebview/assets/t_rex_runner/t-rex.html":["packages/flutter_inappwebview/assets/t_rex_runner/t-rex.html"]}